{
    "0": {
        "cam_K": [
            1075.65091572,
            0.0,
            224.06888344,
            0.0,
            1073.90347929,
            167.72159802,
            0.0,
            0.0,
            1.0
        ],
        "depth_scale": 0.1,
        "elev": 85,
        "mode": 0,
        "cam_R_w2c": [
            0.99968707,
            0.02496792,
            -0.00160221,
            0.02462464,
            -0.99322556,
            -0.11356043,
            -0.00442673,
            0.11348608,
            -0.99352966
        ],
        "cam_t_w2c": [
            -14.09421585,
            19.09785011,
            634.54525338
        ]
    },
    "1": {
        "cam_K": [
            1075.65091572,
            0.0,
            224.06888344,
            0.0,
            1073.90347929,
            167.72159802,
            0.0,
            0.0,
            1.0
        ],
        "depth_scale": 0.1,
        "elev": 85,
        "mode": 0,
        "cam_R_w2c": [
            0.9937008,
            0.11205929,
            -0.00090539,
            0.11122863,
            -0.98725136,
            -0.11385333,
            -0.01365221,
            0.11303579,
            -0.99349749
        ],
        "cam_t_w2c": [
            -14.18877299,
            18.94335807,
            634.51943791
        ]
    }
}