{
    "1": {
        "diameter": 63.51506823,
        "min_x": -17.49580000,
        "min_y": -17.49580000,
        "min_z": -30.60000000,
        "size_x": 34.99160000,
        "size_y": 34.99160000,
        "size_z": 61.20000000
    }
}